Link Status,Description,Artwork Link,IPFS Link,p5.js Versions,Other JS Libraries,Artifact URI HTTP,Artifact URI fxhash,Display URI HTTP,Display URI fxhash,Thumbnail URI HTTP,Thumbnail URI fxhash,Generative URI HTTP,Generative URI fxhash
Success,Aspiration,https://www.fxhash.xyz/generative/26500,ipfs://QmUZwUSn8goYe517AM5UVETPhMLDtE1JgZPdrU6ngi2b7G,v1,"./sketch.js, ./bundle.js",https://gateway.fxhash2.xyz/ipfs/26500/artifactUri,ipfs://QmUZwUSn8goYe517AM5UVETPhMLDtE1JgZPdrU6ngi2b7G/artifactUri,https://gateway.fxhash2.xyz/ipfs/26500/displayUri,ipfs://QmUZwUSn8goYe517AM5UVETPhMLDtE1JgZPdrU6ngi2b7G/displayUri,https://gateway.fxhash2.xyz/ipfs/26500/thumbnailUri,ipfs://QmUZwUSn8goYe517AM5UVETPhMLDtE1JgZPdrU6ngi2b7G/thumbnailUri,https://gateway.fxhash2.xyz/ipfs/QmUZwUSn8goYe517AM5UVETPhMLDtE1JgZPdrU6ngi2b7G,ipfs://QmUZwUSn8goYe517AM5UVETPhMLDtE1JgZPdrU6ngi2b7G
Error accessing IPFS content,n i¬∑Àô n _ ‚ø≤ e t y,https://www.fxhash.xyz/generative/30347,onchfs://b13db7a99d158b90999ce939a05c1a1a62da2a22a468c3cb148355973ee6ef31,N/A,None,https://gateway.fxhash2.xyz/ipfs/30347/artifactUri,onchfs://b13db7a99d158b90999ce939a05c1a1a62da2a22a468c3cb148355973ee6ef31/artifactUri,https://gateway.fxhash2.xyz/ipfs/30347/displayUri,onchfs://b13db7a99d158b90999ce939a05c1a1a62da2a22a468c3cb148355973ee6ef31/displayUri,https://gateway.fxhash2.xyz/ipfs/30347/thumbnailUri,onchfs://b13db7a99d158b90999ce939a05c1a1a62da2a22a468c3cb148355973ee6ef31/thumbnailUri,,onchfs://b13db7a99d158b90999ce939a05c1a1a62da2a22a468c3cb148355973ee6ef31
Success,GeoTulip,https://www.fxhash.xyz/generative/30219,ipfs://QmX5kMDUE4cmfH8eckkramGWu9QB4MJmowtq9PPx7nJPe6,N/A,"./fxhash.js, ./lc.js, ./sketch.js",https://gateway.fxhash2.xyz/ipfs/30219/artifactUri,ipfs://QmX5kMDUE4cmfH8eckkramGWu9QB4MJmowtq9PPx7nJPe6/artifactUri,https://gateway.fxhash2.xyz/ipfs/30219/displayUri,ipfs://QmX5kMDUE4cmfH8eckkramGWu9QB4MJmowtq9PPx7nJPe6/displayUri,https://gateway.fxhash2.xyz/ipfs/30219/thumbnailUri,ipfs://QmX5kMDUE4cmfH8eckkramGWu9QB4MJmowtq9PPx7nJPe6/thumbnailUri,https://gateway.fxhash2.xyz/ipfs/QmX5kMDUE4cmfH8eckkramGWu9QB4MJmowtq9PPx7nJPe6,ipfs://QmX5kMDUE4cmfH8eckkramGWu9QB4MJmowtq9PPx7nJPe6
Success,Floaters,https://www.fxhash.xyz/generative/31201,ipfs://QmQbmkx55uA18XPXm6JVzGMUvo8LvEmNALdvrkFtmDSVNr,N/A,"./fxhash.min.js, ./Ascii3Dbasic.min.js, ./index.js",https://gateway.fxhash2.xyz/ipfs/31201/artifactUri,ipfs://QmQbmkx55uA18XPXm6JVzGMUvo8LvEmNALdvrkFtmDSVNr/artifactUri,https://gateway.fxhash2.xyz/ipfs/31201/displayUri,ipfs://QmQbmkx55uA18XPXm6JVzGMUvo8LvEmNALdvrkFtmDSVNr/displayUri,https://gateway.fxhash2.xyz/ipfs/31201/thumbnailUri,ipfs://QmQbmkx55uA18XPXm6JVzGMUvo8LvEmNALdvrkFtmDSVNr/thumbnailUri,https://gateway.fxhash2.xyz/ipfs/QmQbmkx55uA18XPXm6JVzGMUvo8LvEmNALdvrkFtmDSVNr,ipfs://QmQbmkx55uA18XPXm6JVzGMUvo8LvEmNALdvrkFtmDSVNr
Success,Box Runner,https://www.fxhash.xyz/generative/31203,ipfs://QmTqp3usat6d2LgzHnDMiuNBwcGaAp2hkJkZVdm6CugzL7,N/A,"./fxhash.min.js, ./Ascii3Dbasic.min.js, ./index.js",https://gateway.fxhash2.xyz/ipfs/31203/artifactUri,ipfs://QmTqp3usat6d2LgzHnDMiuNBwcGaAp2hkJkZVdm6CugzL7/artifactUri,https://gateway.fxhash2.xyz/ipfs/31203/displayUri,ipfs://QmTqp3usat6d2LgzHnDMiuNBwcGaAp2hkJkZVdm6CugzL7/displayUri,https://gateway.fxhash2.xyz/ipfs/31203/thumbnailUri,ipfs://QmTqp3usat6d2LgzHnDMiuNBwcGaAp2hkJkZVdm6CugzL7/thumbnailUri,https://gateway.fxhash2.xyz/ipfs/QmTqp3usat6d2LgzHnDMiuNBwcGaAp2hkJkZVdm6CugzL7,ipfs://QmTqp3usat6d2LgzHnDMiuNBwcGaAp2hkJkZVdm6CugzL7
Success,Alien Cells,https://www.fxhash.xyz/generative/31223,ipfs://QmdkArdCVppXXPfsC4amKRfnG31S5m8q4XGenbfVNZnwn7,v1.9.0,"./fxhash.min.js, ./index.js, ./main.js",https://gateway.fxhash2.xyz/ipfs/31223/artifactUri,ipfs://QmdkArdCVppXXPfsC4amKRfnG31S5m8q4XGenbfVNZnwn7/artifactUri,https://gateway.fxhash2.xyz/ipfs/31223/displayUri,ipfs://QmdkArdCVppXXPfsC4amKRfnG31S5m8q4XGenbfVNZnwn7/displayUri,https://gateway.fxhash2.xyz/ipfs/31223/thumbnailUri,ipfs://QmdkArdCVppXXPfsC4amKRfnG31S5m8q4XGenbfVNZnwn7/thumbnailUri,https://gateway.fxhash2.xyz/ipfs/QmdkArdCVppXXPfsC4amKRfnG31S5m8q4XGenbfVNZnwn7,ipfs://QmdkArdCVppXXPfsC4amKRfnG31S5m8q4XGenbfVNZnwn7
Success,‚ÄúUncle Run‚Äù Fun Park: Tea Cup ,https://www.fxhash.xyz/generative/31224,ipfs://QmbxAv2Vy9sVMr2bCgYuac4HKakyQ8wxZtySFwbmPYiAJy,N/A,"./fxhash.min.js, ./index.js",https://gateway.fxhash2.xyz/ipfs/31224/artifactUri,ipfs://QmbxAv2Vy9sVMr2bCgYuac4HKakyQ8wxZtySFwbmPYiAJy/artifactUri,https://gateway.fxhash2.xyz/ipfs/31224/displayUri,ipfs://QmbxAv2Vy9sVMr2bCgYuac4HKakyQ8wxZtySFwbmPYiAJy/displayUri,https://gateway.fxhash2.xyz/ipfs/31224/thumbnailUri,ipfs://QmbxAv2Vy9sVMr2bCgYuac4HKakyQ8wxZtySFwbmPYiAJy/thumbnailUri,https://gateway.fxhash2.xyz/ipfs/QmbxAv2Vy9sVMr2bCgYuac4HKakyQ8wxZtySFwbmPYiAJy,ipfs://QmbxAv2Vy9sVMr2bCgYuac4HKakyQ8wxZtySFwbmPYiAJy
Success,GeoMix,https://www.fxhash.xyz/generative/31221,ipfs://QmVgcHK4t2tyVNcs137bsHPGTXtqvqXNc6bMHmrxgEzJxp,v1.7.0,"./fxhash.min.js, ./index.js, ./sketch.js",https://gateway.fxhash2.xyz/ipfs/31221/artifactUri,ipfs://QmVgcHK4t2tyVNcs137bsHPGTXtqvqXNc6bMHmrxgEzJxp/artifactUri,https://gateway.fxhash2.xyz/ipfs/31221/displayUri,ipfs://QmVgcHK4t2tyVNcs137bsHPGTXtqvqXNc6bMHmrxgEzJxp/displayUri,https://gateway.fxhash2.xyz/ipfs/31221/thumbnailUri,ipfs://QmVgcHK4t2tyVNcs137bsHPGTXtqvqXNc6bMHmrxgEzJxp/thumbnailUri,https://gateway.fxhash2.xyz/ipfs/QmVgcHK4t2tyVNcs137bsHPGTXtqvqXNc6bMHmrxgEzJxp,ipfs://QmVgcHK4t2tyVNcs137bsHPGTXtqvqXNc6bMHmrxgEzJxp
Success,escape,https://www.fxhash.xyz/generative/24251,ipfs://QmXNousbS9UgNeo62c6Kw2gkzdty3EzU8Fy2RT1wHuPvVS,v1,"./sketch.js, ./bundle.js",https://gateway.fxhash2.xyz/ipfs/24251/artifactUri,ipfs://QmXNousbS9UgNeo62c6Kw2gkzdty3EzU8Fy2RT1wHuPvVS/artifactUri,https://gateway.fxhash2.xyz/ipfs/24251/displayUri,ipfs://QmXNousbS9UgNeo62c6Kw2gkzdty3EzU8Fy2RT1wHuPvVS/displayUri,https://gateway.fxhash2.xyz/ipfs/24251/thumbnailUri,ipfs://QmXNousbS9UgNeo62c6Kw2gkzdty3EzU8Fy2RT1wHuPvVS/thumbnailUri,https://gateway.fxhash2.xyz/ipfs/QmXNousbS9UgNeo62c6Kw2gkzdty3EzU8Fy2RT1wHuPvVS,ipfs://QmXNousbS9UgNeo62c6Kw2gkzdty3EzU8Fy2RT1wHuPvVS
Success,‚ÄúUncle Run‚Äù Fun Park: Bumper Car,https://www.fxhash.xyz/generative/31208,ipfs://QmZasV7kiE53cbH7hkXMfqF8kA7HFRjnaQBBb6DzAy8kqJ,N/A,"./fxhash.min.js, ./index.js",https://gateway.fxhash2.xyz/ipfs/31208/artifactUri,ipfs://QmZasV7kiE53cbH7hkXMfqF8kA7HFRjnaQBBb6DzAy8kqJ/artifactUri,https://gateway.fxhash2.xyz/ipfs/31208/displayUri,ipfs://QmZasV7kiE53cbH7hkXMfqF8kA7HFRjnaQBBb6DzAy8kqJ/displayUri,https://gateway.fxhash2.xyz/ipfs/31208/thumbnailUri,ipfs://QmZasV7kiE53cbH7hkXMfqF8kA7HFRjnaQBBb6DzAy8kqJ/thumbnailUri,https://gateway.fxhash2.xyz/ipfs/QmZasV7kiE53cbH7hkXMfqF8kA7HFRjnaQBBb6DzAy8kqJ,ipfs://QmZasV7kiE53cbH7hkXMfqF8kA7HFRjnaQBBb6DzAy8kqJ
Success,Tezos Dawg Club,https://www.fxhash.xyz/generative/31219,ipfs://QmRNGDHosH6bL9ZQ7c45NxUWBnXXFwyWzFsrV6rKWCafqd,N/A,./bundle.js,https://gateway.fxhash2.xyz/ipfs/31219/artifactUri,ipfs://QmRNGDHosH6bL9ZQ7c45NxUWBnXXFwyWzFsrV6rKWCafqd/artifactUri,https://gateway.fxhash2.xyz/ipfs/31219/displayUri,ipfs://QmRNGDHosH6bL9ZQ7c45NxUWBnXXFwyWzFsrV6rKWCafqd/displayUri,https://gateway.fxhash2.xyz/ipfs/31219/thumbnailUri,ipfs://QmRNGDHosH6bL9ZQ7c45NxUWBnXXFwyWzFsrV6rKWCafqd/thumbnailUri,https://gateway.fxhash2.xyz/ipfs/QmRNGDHosH6bL9ZQ7c45NxUWBnXXFwyWzFsrV6rKWCafqd,ipfs://QmRNGDHosH6bL9ZQ7c45NxUWBnXXFwyWzFsrV6rKWCafqd
Success,Gradient Work ,https://www.fxhash.xyz/generative/31222,ipfs://QmdwHAdTfVgjgiMFDbTAkfQsLzqF6mcvyYVQUfNkyAS1Cm,N/A,"./fxhash.js, ./script-hydra.js, ./script.js",https://gateway.fxhash2.xyz/ipfs/31222/artifactUri,ipfs://QmdwHAdTfVgjgiMFDbTAkfQsLzqF6mcvyYVQUfNkyAS1Cm/artifactUri,https://gateway.fxhash2.xyz/ipfs/31222/displayUri,ipfs://QmdwHAdTfVgjgiMFDbTAkfQsLzqF6mcvyYVQUfNkyAS1Cm/displayUri,https://gateway.fxhash2.xyz/ipfs/31222/thumbnailUri,ipfs://QmdwHAdTfVgjgiMFDbTAkfQsLzqF6mcvyYVQUfNkyAS1Cm/thumbnailUri,https://gateway.fxhash2.xyz/ipfs/QmdwHAdTfVgjgiMFDbTAkfQsLzqF6mcvyYVQUfNkyAS1Cm,ipfs://QmdwHAdTfVgjgiMFDbTAkfQsLzqF6mcvyYVQUfNkyAS1Cm
Success,Classic Automaton,https://www.fxhash.xyz/generative/31177,ipfs://QmZrc4UFm5JjjuzKjfVV5VBMthxb6EkXRfJG9nzAgVYowx,v1.9.4,"./fxhash.min.js, ./index.js",https://gateway.fxhash2.xyz/ipfs/31177/artifactUri,ipfs://QmZrc4UFm5JjjuzKjfVV5VBMthxb6EkXRfJG9nzAgVYowx/artifactUri,https://gateway.fxhash2.xyz/ipfs/31177/displayUri,ipfs://QmZrc4UFm5JjjuzKjfVV5VBMthxb6EkXRfJG9nzAgVYowx/displayUri,https://gateway.fxhash2.xyz/ipfs/31177/thumbnailUri,ipfs://QmZrc4UFm5JjjuzKjfVV5VBMthxb6EkXRfJG9nzAgVYowx/thumbnailUri,https://gateway.fxhash2.xyz/ipfs/QmZrc4UFm5JjjuzKjfVV5VBMthxb6EkXRfJG9nzAgVYowx,ipfs://QmZrc4UFm5JjjuzKjfVV5VBMthxb6EkXRfJG9nzAgVYowx
Success,gridSquad,https://www.fxhash.xyz/generative/31220,ipfs://QmeFBhNJtMmUAG7vWNQe2guvNC4NiY71FUAWVUABcfiYD3,v9,"fxhash.min.js, sketch.js",https://gateway.fxhash2.xyz/ipfs/31220/artifactUri,ipfs://QmeFBhNJtMmUAG7vWNQe2guvNC4NiY71FUAWVUABcfiYD3/artifactUri,https://gateway.fxhash2.xyz/ipfs/31220/displayUri,ipfs://QmeFBhNJtMmUAG7vWNQe2guvNC4NiY71FUAWVUABcfiYD3/displayUri,https://gateway.fxhash2.xyz/ipfs/31220/thumbnailUri,ipfs://QmeFBhNJtMmUAG7vWNQe2guvNC4NiY71FUAWVUABcfiYD3/thumbnailUri,https://gateway.fxhash2.xyz/ipfs/QmeFBhNJtMmUAG7vWNQe2guvNC4NiY71FUAWVUABcfiYD3,ipfs://QmeFBhNJtMmUAG7vWNQe2guvNC4NiY71FUAWVUABcfiYD3
Success,üíæ HYPER DELTAS ‚àÜ GEN1,https://www.fxhash.xyz/generative/31218,ipfs://QmaZBXZJhM3QRNTPACedH3PPH7bYuqjLdTp7hqGgSrLi5W,N/A,"./fxhash.min.js, ./index.js",https://gateway.fxhash2.xyz/ipfs/31218/artifactUri,ipfs://QmaZBXZJhM3QRNTPACedH3PPH7bYuqjLdTp7hqGgSrLi5W/artifactUri,https://gateway.fxhash2.xyz/ipfs/31218/displayUri,ipfs://QmaZBXZJhM3QRNTPACedH3PPH7bYuqjLdTp7hqGgSrLi5W/displayUri,https://gateway.fxhash2.xyz/ipfs/31218/thumbnailUri,ipfs://QmaZBXZJhM3QRNTPACedH3PPH7bYuqjLdTp7hqGgSrLi5W/thumbnailUri,https://gateway.fxhash2.xyz/ipfs/QmaZBXZJhM3QRNTPACedH3PPH7bYuqjLdTp7hqGgSrLi5W,ipfs://QmaZBXZJhM3QRNTPACedH3PPH7bYuqjLdTp7hqGgSrLi5W
Error accessing IPFS content,TWO HASHES,https://www.fxhash.xyz/generative/31216,onchfs://f720cfe3bb0e7f142323dd0d947bef8e50919c26e2be5a971ffdfe8044a200a3,N/A,None,https://gateway.fxhash2.xyz/ipfs/31216/artifactUri,onchfs://f720cfe3bb0e7f142323dd0d947bef8e50919c26e2be5a971ffdfe8044a200a3/artifactUri,https://gateway.fxhash2.xyz/ipfs/31216/displayUri,onchfs://f720cfe3bb0e7f142323dd0d947bef8e50919c26e2be5a971ffdfe8044a200a3/displayUri,https://gateway.fxhash2.xyz/ipfs/31216/thumbnailUri,onchfs://f720cfe3bb0e7f142323dd0d947bef8e50919c26e2be5a971ffdfe8044a200a3/thumbnailUri,,onchfs://f720cfe3bb0e7f142323dd0d947bef8e50919c26e2be5a971ffdfe8044a200a3
Error accessing IPFS content,Barrage,https://www.fxhash.xyz/generative/31205,onchfs://6a64a2944995c3f0305f0e8f99423fee013989af272b45dc64379d26863c454d,N/A,None,https://gateway.fxhash2.xyz/ipfs/31205/artifactUri,onchfs://6a64a2944995c3f0305f0e8f99423fee013989af272b45dc64379d26863c454d/artifactUri,https://gateway.fxhash2.xyz/ipfs/31205/displayUri,onchfs://6a64a2944995c3f0305f0e8f99423fee013989af272b45dc64379d26863c454d/displayUri,https://gateway.fxhash2.xyz/ipfs/31205/thumbnailUri,onchfs://6a64a2944995c3f0305f0e8f99423fee013989af272b45dc64379d26863c454d/thumbnailUri,,onchfs://6a64a2944995c3f0305f0e8f99423fee013989af272b45dc64379d26863c454d
Success,Frostbound Symphony,https://www.fxhash.xyz/generative/31215,ipfs://QmdYVoVwgAtVCqkLZnchUz7Y9LMugBetGLhPrYs8F73kWS,v1.9.0,"fxhash.min.js, sketch.js",https://gateway.fxhash2.xyz/ipfs/31215/artifactUri,ipfs://QmdYVoVwgAtVCqkLZnchUz7Y9LMugBetGLhPrYs8F73kWS/artifactUri,https://gateway.fxhash2.xyz/ipfs/31215/displayUri,ipfs://QmdYVoVwgAtVCqkLZnchUz7Y9LMugBetGLhPrYs8F73kWS/displayUri,https://gateway.fxhash2.xyz/ipfs/31215/thumbnailUri,ipfs://QmdYVoVwgAtVCqkLZnchUz7Y9LMugBetGLhPrYs8F73kWS/thumbnailUri,https://gateway.fxhash2.xyz/ipfs/QmdYVoVwgAtVCqkLZnchUz7Y9LMugBetGLhPrYs8F73kWS,ipfs://QmdYVoVwgAtVCqkLZnchUz7Y9LMugBetGLhPrYs8F73kWS
Success,Fluid Edge,https://www.fxhash.xyz/generative/31214,ipfs://QmWYQojiafHv5CZCnnBKs3AwXKREDZ2vodms6UFUZmJCNM,v9,"./fxhash.min.js, ./index.js, sketch.js",https://gateway.fxhash2.xyz/ipfs/31214/artifactUri,ipfs://QmWYQojiafHv5CZCnnBKs3AwXKREDZ2vodms6UFUZmJCNM/artifactUri,https://gateway.fxhash2.xyz/ipfs/31214/displayUri,ipfs://QmWYQojiafHv5CZCnnBKs3AwXKREDZ2vodms6UFUZmJCNM/displayUri,https://gateway.fxhash2.xyz/ipfs/31214/thumbnailUri,ipfs://QmWYQojiafHv5CZCnnBKs3AwXKREDZ2vodms6UFUZmJCNM/thumbnailUri,https://gateway.fxhash2.xyz/ipfs/QmWYQojiafHv5CZCnnBKs3AwXKREDZ2vodms6UFUZmJCNM,ipfs://QmWYQojiafHv5CZCnnBKs3AwXKREDZ2vodms6UFUZmJCNM
Error accessing IPFS content,"Lines, just lines",https://www.fxhash.xyz/generative/31207,onchfs://d27fbccc8bcecf64cef9bbd6e9fc64d43a6bd30b9206a4461491420cb343ffaa,N/A,None,https://gateway.fxhash2.xyz/ipfs/31207/artifactUri,onchfs://d27fbccc8bcecf64cef9bbd6e9fc64d43a6bd30b9206a4461491420cb343ffaa/artifactUri,https://gateway.fxhash2.xyz/ipfs/31207/displayUri,onchfs://d27fbccc8bcecf64cef9bbd6e9fc64d43a6bd30b9206a4461491420cb343ffaa/displayUri,https://gateway.fxhash2.xyz/ipfs/31207/thumbnailUri,onchfs://d27fbccc8bcecf64cef9bbd6e9fc64d43a6bd30b9206a4461491420cb343ffaa/thumbnailUri,,onchfs://d27fbccc8bcecf64cef9bbd6e9fc64d43a6bd30b9206a4461491420cb343ffaa
Success,The Price of Value,https://www.fxhash.xyz/generative/31212,ipfs://QmT1eL4SxYfNM7MFovEthkqLK6ABSVafYaPqrjv4WnCYA8,v1.10.0,"./fxhash.min.js, ./index.js",https://gateway.fxhash2.xyz/ipfs/31212/artifactUri,ipfs://QmT1eL4SxYfNM7MFovEthkqLK6ABSVafYaPqrjv4WnCYA8/artifactUri,https://gateway.fxhash2.xyz/ipfs/31212/displayUri,ipfs://QmT1eL4SxYfNM7MFovEthkqLK6ABSVafYaPqrjv4WnCYA8/displayUri,https://gateway.fxhash2.xyz/ipfs/31212/thumbnailUri,ipfs://QmT1eL4SxYfNM7MFovEthkqLK6ABSVafYaPqrjv4WnCYA8/thumbnailUri,https://gateway.fxhash2.xyz/ipfs/QmT1eL4SxYfNM7MFovEthkqLK6ABSVafYaPqrjv4WnCYA8,ipfs://QmT1eL4SxYfNM7MFovEthkqLK6ABSVafYaPqrjv4WnCYA8
